Top pages,Clicks,Impressions,CTR,Position
https://emindy.com/,9,405,2.22%,6.65
https://emindy.com/tag/signs-of-insincere-friends/,2,32,6.25%,39.91
https://emindy.com/tag/easy-mind-therapy/,1,18,5.56%,9
https://emindy.com/tag/transformative-self-love-practices/,1,7,14.29%,7.14
https://emindy.com/easy-mind-therapy-your-wellness-guide/,1,2,50%,9
https://emindy.com/tag/adhd/,1,1,100%,1
https://emindy.com/caution-ahead-identifying-10-critical-indicators-of-low-self-esteem/?utm_source=rss&utm_medium=rss&utm_campaign=caution-ahead-identifying-10-critical-indicators-of-low-self-esteem,1,1,100%,4
https://emindy.com/exploring-mind-body-therapy-key-examples-and-their-impact/,0,2121,0%,86.98
https://emindy.com/deciphering-cyclical-mood-episodes-patterns-and-triggers-in-mania-and-depression/,0,1065,0%,60.09
https://emindy.com/empower-your-mind-techniques-from-easy-mind-therapy/,0,216,0%,52.34
https://emindy.com/navigating-the-complexity-why-therapy-doesnt-work-for-everyone/,0,175,0%,68.94
https://emindy.com/emindy-global-support-for-mental-health-and-life-challenges-ask-for-help-now/,0,55,0%,11.16
https://emindy.com/inside-the-therapy-room-understanding-what-happens-during-mental-therapy/,0,54,0%,85.24
https://emindy.com/unveiling-the-effectiveness-of-brain-therapy-does-it-really-work/,0,51,0%,94.65
https://emindy.com/goal-mastery-cultivating-a-mindset-for-self-improvement/,0,43,0%,74.14
https://emindy.com/emindy-facilitating-mental-healing-through-easy-mind-therapy/,0,41,0%,7.66
https://emindy.com/boosting-confidence-overcoming-low-self-esteem-challenges/,0,30,0%,86.7
https://emindy.com/nurturing-the-mind-the-positive-impact-of-therapy-on-the-brain/,0,24,0%,60.79
https://emindy.com/tag/ambition-blocks/,0,18,0%,10.94
https://emindy.com/danger-zone-10-signs-of-low-self-esteem-boostyourconfidence/,0,17,0%,93.71
https://emindy.com/tag/building-resilience/,0,15,0%,2.47
https://emindy.com/tag/community-mental-health-resources/,0,15,0%,2.47
https://emindy.com/tag/emotional-well-being/,0,15,0%,2.47
https://emindy.com/10-signs-of-depression-feelings-symptoms-and-behavior-changes/,0,15,0%,97.6
https://emindy.com/tag/therapy-homework-assignments/,0,14,0%,69.5
https://emindy.com/tag/hypomania/,0,12,0%,4.33
https://emindy.com/tag/mania/,0,12,0%,6.08
https://emindy.com/tag/moodswings/,0,11,0%,6.27
https://emindy.com/emindy-navigating-self-help-with-easy-mind-therapy/,0,11,0%,41.91
https://emindy.com/tag/mentalstrength/,0,10,0%,4.6
https://emindy.com/navigating-the-mind-body-approach-integrating-wellness-and-healing/?utm_source=rss&utm_medium=rss&utm_campaign=navigating-the-mind-body-approach-integrating-wellness-and-healing,0,10,0%,85
https://emindy.com/tag/personaldevelopment/,0,9,0%,5.11
https://emindy.com/tag/psychotherapytechniques/,0,9,0%,6
https://emindy.com/tag/selfimprovement/,0,9,0%,6.89
https://emindy.com/tag/healingjourney/,0,9,0%,9
https://emindy.com/tag/mentalwellness/,0,8,0%,5.75
https://emindy.com/tag/mindsetmatters/,0,8,0%,8.62
https://emindy.com/tag/mind-body-medicine/,0,8,0%,10.5
https://emindy.com/rising-from-the-ashes-embracing-hope-in-times-of-despair/,0,8,0%,17.75
https://emindy.com/tag/resiliencebuilding/,0,7,0%,2.57
https://emindy.com/discovering-self-worth-with-emindys-self-care-regimen/?utm_source=rss&utm_medium=rss&utm_campaign=discovering-self-worth-with-emindys-self-care-regimen,0,7,0%,6.86
https://emindy.com/emindy-revolutionizing-mental-health-with-easy-mind-therapy-2/,0,7,0%,17.86
https://emindy.com/privacy-policy/,0,7,0%,21.86
https://emindy.com/expanding-horizons-14-game-changing-tips-for-a-growth-mindset/,0,7,0%,39
https://emindy.com/tag/loving-lifes-journey/,0,7,0%,91.14
https://emindy.com/tag/emindy/,0,6,0%,4.17
https://emindy.com/tag/mentalhealthcare/,0,6,0%,7.5
https://emindy.com/mental-healing-at-your-fingertips-with-emindy/,0,6,0%,8.83
https://emindy.com/tag/mindfulliving/,0,6,0%,8.83
https://emindy.com/tag/emotional-uplift-strategies/,0,6,0%,50.33
https://emindy.com/tag/creative-learning-solutions/,0,6,0%,96.67
https://emindy.com/tag/coping-with-mental-health-challenges/,0,5,0%,3.6
https://emindy.com/tag/developing-healthy-habits/,0,5,0%,3.6
https://emindy.com/tag/inspiring-mental-health-journeys/,0,5,0%,3.6
https://emindy.com/tag/mental-health-advocacy/,0,5,0%,3.6
https://emindy.com/tr/,0,5,0%,4
https://emindy.com/tag/therapeuticthoughts/,0,5,0%,7
https://emindy.com/tag/personalempowerment/,0,5,0%,7.4
https://emindy.com/tag/personal-stories-of-mental-health/,0,5,0%,19.2
https://emindy.com/tag/understanding-ambition/,0,5,0%,21.2
https://emindy.com/emindy-bridging-easy-mind-therapy-with-mental-disorder-management/,0,5,0%,23.2
https://emindy.com/tag/ambitious-goals-and-fun/,0,5,0%,49.2
https://emindy.com/mastering-attraction-essential-strategies-to-captivate-any-woman/,0,5,0%,51.4
https://emindy.com/tag/handling-friendship-drama/,0,5,0%,64.6
https://emindy.com/caution-ahead-identifying-10-critical-indicators-of-low-self-esteem/,0,5,0%,68
https://emindy.com/tag/managing-anxiety/,0,5,0%,92.2
https://emindy.com/tag/riskfactorsmentalhealth/,0,4,0%,5.25
https://emindy.com/emindy-revolutionizing-your-mental-health-journey/,0,4,0%,7
https://emindy.com/tag/wellnessjourney/,0,4,0%,7
https://emindy.com/2024/01/,0,4,0%,8.75
https://emindy.com/tag/art-of-seduction/,0,4,0%,9.25
https://emindy.com/strategic-success-mastering-the-art-of-setting-life-priorities/,0,4,0%,17.75
https://emindy.com/tag/mentalhealthawareness/,0,4,0%,18.5
https://emindy.com/initiating-self-improvement-a-path-to-mental-health-awareness/,0,4,0%,20.75
https://emindy.com/tag/autismeducation/,0,3,0%,4
https://emindy.com/tag/stressreduction/,0,3,0%,6
https://emindy.com/tag/overcoming-harsh-self-criticism/,0,3,0%,10
https://emindy.com/tag/boosting-self-image/,0,3,0%,10.33
https://emindy.com/embracing-self-love-the-foundation-of-personal-fulfillment/,0,3,0%,10.67
https://emindy.com/redefining-therapy-emindys-accessible-mental-health-solutions/,0,3,0%,13.33
https://emindy.com/tag/community-support-in-despair/,0,3,0%,20.67
https://emindy.com/emindy-catalyzing-improvements-with-easy-mind-therapy/,0,3,0%,22.33
https://emindy.com/tag/comprehensive-wellness-strategies/,0,3,0%,22.67
https://emindy.com/tag/daily-joy-practices/,0,3,0%,63.33
https://emindy.com/watch-out-5-telltale-signs-of-a-fake-friend-omg/?utm_source=rss&utm_medium=rss&utm_campaign=watch-out-5-telltale-signs-of-a-fake-friend-omg,0,3,0%,67
https://emindy.com/tag/seductive-conversation-starters/,0,3,0%,86.67
https://emindy.com/therapymadesimple-emindys-innovative-approach/,0,2,0%,1.5
http://emindy.com/tr/,0,2,0%,2
https://emindy.com/de/,0,2,0%,2
https://emindy.com/tag/holisticapproach/,0,2,0%,3.5
https://emindy.com/tag/evidencebasedtherapy/,0,2,0%,4
https://emindy.com/tag/lifestyleadjustments/,0,2,0%,4
https://emindy.com/emindys-path-to-positive-psychology/,0,2,0%,5
https://emindy.com/tag/antipsychotictreatment/,0,2,0%,6.5
https://emindy.com/tag/anxiety-management-techniques/,0,2,0%,6.5
https://emindy.com/anxiety-relief-through-emindys-techniques/,0,2,0%,7
https://emindy.com/tag/physicalactivityadhd/,0,2,0%,7
https://emindy.com/mental-health-awareness-7-psychology-facts-mindmatters/,0,2,0%,8
https://emindy.com/tag/maintaining-drive-for-success/,0,2,0%,8
https://emindy.com/tag/mental-health-awareness/,0,2,0%,9
https://emindy.com/tag/navigating-life-challenges/,0,2,0%,10
https://emindy.com/index.php/privacy-policy/,0,2,0%,12
https://emindy.com/tag/anxietytreatment/,0,2,0%,12
https://emindy.com/tag/emotionalhealth/,0,2,0%,24
https://emindy.com/tag/aiforwellness/,0,2,0%,24.5
https://emindy.com/tag/red-flags-of-low-confidence/,0,2,0%,27
https://emindy.com/tag/learning-in-seconds/,0,2,0%,39.5
https://emindy.com/tag/mindhealth/,0,2,0%,47.5
https://emindy.com/tag/success-mindset/,0,2,0%,50.5
https://emindy.com/tag/dealing-with-fake-friendships/,0,2,0%,68
https://emindy.com/tag/technology-in-education/,0,2,0%,84.5
https://emindy.com/thrive-cherish-giggle-embrace-the-hustle-relish-the-fun/,0,2,0%,89
https://emindy.com/tag/uplifting-music-for-mood/,0,2,0%,90
https://emindy.com/tag/ocd-success-stories/,0,2,0%,185.5
https://emindy.com/tag/bipolarii/,0,1,0%,1
https://emindy.com/tag/seeking-assistance-for-mood-disorders/,0,1,0%,1
https://emindy.com/emindy-supporting-adhd-management-with-easy-mind-therapy/,0,1,0%,2
https://emindy.com/employee-mental-health-the-importance-of-addressing-mental-health-in-the-workplace/,0,1,0%,2
https://emindy.com/tag/behavioraltherapy/,0,1,0%,2
https://emindy.com/2024/,0,1,0%,3
https://emindy.com/tag/anxietysupportgroups/,0,1,0%,3
https://emindy.com/tag/emotional-wellbeing/,0,1,0%,3
https://emindy.com/tag/goalvisualization/,0,1,0%,3
https://emindy.com/emindy-merging-easy-mind-therapy-with-mindfulness-for-holistic-well-being/,0,1,0%,4
https://emindy.com/emindy-paving-the-way-to-wellbeing-with-easy-mind-therapy/,0,1,0%,4
https://emindy.com/tag/fearresponses/,0,1,0%,4
https://emindy.com/tag/mentalwellnessapps/,0,1,0%,4
https://emindy.com/tag/accessible-mental-wellness/,0,1,0%,5
https://emindy.com/tag/brain-resilience-through-therapy/,0,1,0%,5
https://emindy.com/tag/career-and-personal-priorities/,0,1,0%,5
https://emindy.com/after-death-of-my-wife-and-child-my-critical-two-hours-journey-2/?utm_source=rss&utm_medium=rss&utm_campaign=after-death-of-my-wife-and-child-my-critical-two-hours-journey-2,0,1,0%,6
https://emindy.com/tag/seeking-mental-health-help/,0,1,0%,6
https://emindy.com/embrace-self-love-with-emindys-wellness-tools/?utm_source=rss&utm_medium=rss&utm_campaign=embrace-self-love-with-emindys-wellness-tools,0,1,0%,7
https://emindy.com/mindful-healing-emindys-approach-to-mental-disorders/,0,1,0%,7
https://emindy.com/tag/cbtapps/,0,1,0%,7
https://emindy.com/tag/geriatricdepression/,0,1,0%,7
https://emindy.com/tag/mental-health-community-online/,0,1,0%,7
https://emindy.com/unveiling-self-love-emindys-journey/,0,1,0%,7
https://emindy.com/anxiety-unraveled-finding-balance-with-emindy/,0,1,0%,8
https://emindy.com/pathways-to-progress-embracing-change-for-personal-growth/,0,1,0%,8
https://emindy.com/tag/empowerment-over-low-self-esteem/,0,1,0%,8
https://emindy.com/tag/healthpolicyreform/,0,1,0%,8
https://emindy.com/tag/personal-growth-and-hope/,0,1,0%,8
https://emindy.com/tag/purposedrivenlife/,0,1,0%,8
https://emindy.com/tag/sensoryexperiences/,0,1,0%,8
https://emindy.com/tag/therapymadesimple/,0,1,0%,8
https://emindy.com/tag/cognitiveapps/,0,1,0%,9
https://emindy.com/tag/continuous-learning/,0,1,0%,9
https://emindy.com/tag/enduring-human-spirit/,0,1,0%,9
https://emindy.com/tag/how-to-spot-a-fake-friend/,0,1,0%,9
https://emindy.com/tag/posture-for-confidence/,0,1,0%,9
https://emindy.com/tag/therapy-and-brain-health/,0,1,0%,9
https://emindy.com/quick-mood-fix-flash-of-happiness-instant-mood-lift-moodboosters/?utm_source=rss&utm_medium=rss&utm_campaign=quick-mood-fix-flash-of-happiness-instant-mood-lift-moodboosters,0,1,0%,10
https://emindy.com/tag/embracing-hope/,0,1,0%,10
https://emindy.com/tag/emindys-happiness-journey/,0,1,0%,10
https://emindy.com/tag/holisticapproaches/,0,1,0%,10
https://emindy.com/tag/psychological-distress-relief/,0,1,0%,10
https://emindy.com/tag/saying-no-for-priorities/,0,1,0%,10
https://emindy.com/tag/transcranial-magnetic-stimulation-benefits/,0,1,0%,10
https://emindy.com/building-blocks-of-self-esteem-pathways-to-personal-pride/,0,1,0%,11
https://emindy.com/tag/risktakingbehavior/,0,1,0%,11
https://emindy.com/tag/anxietydisorders/,0,1,0%,12
https://emindy.com/tag/anxietytriggers/,0,1,0%,12
https://emindy.com/tag/daily-stress-management/,0,1,0%,12
https://emindy.com/tag/digital-learning-tools/,0,1,0%,12
https://emindy.com/tag/receptive-to-happiness/,0,1,0%,12
https://emindy.com/unveiling-hope-a-tale-of-resilience-and-illumination/?utm_source=rss&utm_medium=rss&utm_campaign=unveiling-hope-a-tale-of-resilience-and-illumination,0,1,0%,12
https://emindy.com/six-key-workouts-enhancing-your-self-esteem-journey/?utm_source=rss&utm_medium=rss&utm_campaign=six-key-workouts-enhancing-your-self-esteem-journey,0,1,0%,15
https://emindy.com/tag/depression-success-stories/,0,1,0%,17
https://emindy.com/tag/mental-health-success-stories/,0,1,0%,20
https://emindy.com/demystifying-schizophrenia-an-in-depth-look-at-symptoms-causes-and-treatment/,0,1,0%,21
https://emindy.com/personality-unleashed-emindys-guide-to-understanding-yourself/,0,1,0%,21
https://emindy.com/tag/transformative-effects-of-therapy/,0,1,0%,21
https://emindy.com/tag/advocacy-for-mental-health/,0,1,0%,24
https://emindy.com/tag/personal-growth-strategies/,0,1,0%,27
https://emindy.com/tag/smart-goals-strategy/,0,1,0%,42
https://emindy.com/understanding-obsessive-compulsive-disorder-a-path-to-recovery/,0,1,0%,54
https://emindy.com/unveiling-easy-mind-therapy-a-simplified-path-to-mental-wellness/?utm_source=rss&utm_medium=rss&utm_campaign=unveiling-easy-mind-therapy-a-simplified-path-to-mental-wellness,0,1,0%,57
https://emindy.com/mental-health-awareness-7-psychology-facts-mindmatters/?utm_source=rss&utm_medium=rss&utm_campaign=mental-health-awareness-7-psychology-facts-mindmatters,0,1,0%,71
https://emindy.com/tag/breaking-free-from-self-doubt/,0,1,0%,72
https://emindy.com/tag/approachable-body-language/,0,1,0%,77
https://emindy.com/tag/cognitive-behavioral-techniques-2/,0,1,0%,82
https://emindy.com/tag/friendship-and-mental-health/,0,1,0%,85
https://emindy.com/how-bad-do-you-want-to-be-successful/?utm_source=rss&utm_medium=rss&utm_campaign=how-bad-do-you-want-to-be-successful,0,1,0%,92
https://emindy.com/tag/emotional-well-being-apps/,0,1,0%,92
https://emindy.com/tag/understanding-your-personality/,0,1,0%,94
https://emindy.com/tag/wellbeingforall/,0,1,0%,95
https://emindy.com/tag/positive-self-perception/,0,1,0%,100
https://emindy.com/tag/mental-wellness-apps/,0,1,0%,101