Top queries,Clicks,Impressions,CTR,Position
emindy,1,34,2.94%,4.09
cognitive behavioral therapy,1,6,16.67%,6.5
mind body therapy,0,1332,0%,88.49
cyclical depression,0,483,0%,59.22
what is cyclical depression,0,417,0%,55.11
mind-body therapy,0,214,0%,89.91
mind body therapy​,0,149,0%,96.11
why therapy doesn't work for everyone,0,96,0%,72.7
empowerment therapy techniques,0,79,0%,63.81
empower your mind therapy,0,69,0%,25.04
mind and body therapy,0,62,0%,91.24
cyclic depression,0,47,0%,63.26
cyclical nature of depression,0,42,0%,94.36
mind-body therapies,0,35,0%,82.86
what is brain therapy,0,35,0%,97.51
mind body therapies,0,34,0%,83.91
mind and body therapy​,0,34,0%,99.5
mind body therapy examples,0,33,0%,56.33
mind empowerment,0,32,0%,67.66
mind-body therapy techniques,0,28,0%,75.89
the therapy room,0,24,0%,88.33
mastery goals,0,22,0%,84.86
mind-body interventions examples,0,20,0%,56.25
cyclical depression definition,0,20,0%,86.75
what is mind body therapy,0,19,0%,84.21
therapy room,0,19,0%,99.42
mind-body therapy examples,0,18,0%,50.89
why therapy doesn t work for everyone,0,17,0%,50.47
mastery goal,0,15,0%,78.47
what is mind-body therapy,0,15,0%,79.4
therapy homework assignments examples,0,14,0%,69.5
depression cyclical,0,13,0%,76.85
10 signs of depression,0,13,0%,97.23
mood episode,0,12,0%,93.83
does neuro therapy really work,0,12,0%,97.08
empower your mind,0,11,0%,45
overcoming low self esteem,0,10,0%,83.5
therapist near me,0,9,0%,5.22
easy mind,0,8,0%,71.38
therapy does not work,0,8,0%,88.5
signs of low self esteem,0,8,0%,91.5
mind-body practices examples,0,7,0%,68.29
therapy doesn't work for everyone,0,7,0%,69.14
therapy for the mind,0,7,0%,89.86
mind body techniques,0,7,0%,99.29
mind methods,0,7,0%,139.14
therapy for mind,0,6,0%,55.5
mind-body integration,0,6,0%,83.17
therapy for the brain,0,6,0%,98.83
ambition blocks,0,5,0%,9.6
therapy,0,5,0%,13.4
mind body therapy definition,0,5,0%,69.8
bipolar disorder seasonal pattern,0,5,0%,87
what is a mood episode,0,5,0%,97
mind body therapist,0,5,0%,98.4
therapist room,0,4,0%,88
creative learning solution,0,4,0%,107.5
therapy near me,0,3,0%,4
insincere friends,0,3,0%,30
emotional uplift,0,3,0%,57
mind body interventions,0,3,0%,66.67
why does therapy not work,0,3,0%,89.33
what are signs of low self esteem,0,3,0%,101.33
harsh self-criticism,0,2,0%,1
local therapist,0,2,0%,1
therapist near me.,0,2,0%,1
emiilyyreed,0,2,0%,2
mind,0,2,0%,4
cognitive behavioral therapy maitland,0,2,0%,8
therapist maitland,0,2,0%,8
mind therapy,0,2,0%,8.5
psychiatrist near me,0,2,0%,9.5
mindfulness,0,2,0%,10
therapy maitland,0,2,0%,13
empowered mind therapy center,0,2,0%,34
psychology maitland,0,2,0%,34.5
mind-body interventions,0,2,0%,67.5
emotional empowerment technique,0,2,0%,72.5
therapy is not for everyone,0,2,0%,76.5
which is the best strategy for overcoming low self esteem,0,2,0%,84
mind-body therapie,0,2,0%,86.5
modernlifedating,0,2,0%,90
mindbody therapy,0,2,0%,91
low self esteem signs,0,2,0%,97.5
overcoming low self-worth,0,2,0%,99
mind body healing therapy,0,2,0%,100.5
overcoming low self worth,0,2,0%,100.5
how can i overcome low self esteem,0,2,0%,101
andeemindxx,0,1,0%,1
behavioural therapist,0,1,0%,1
depression therapy maitland,0,1,0%,1
psychologist near me.,0,1,0%,1
therapists near me,0,1,0%,1
therapy of mind,0,1,0%,1
behavioral therapy,0,1,0%,3
cognitive behavioral therapy near me,0,1,0%,3
mental health therapists,0,1,0%,4
understanding ambition,0,1,0%,5
cbt therapy,0,1,0%,6
emotional therapy,0,1,0%,6
psychology rutherford,0,1,0%,6
therapy near ne,0,1,0%,6
cognitive therapy,0,1,0%,7
mindfulness therapies,0,1,0%,11
maitland therapist,0,1,0%,14
behavioral therapy near me,0,1,0%,18
emind ally,0,1,0%,50
is depression cyclical,0,1,0%,51
recovery for obsessive compulsive disorder,0,1,0%,54
inside the therapy room,0,1,0%,55
mind body interventions examples,0,1,0%,55
mindtherapy,0,1,0%,57
creative learning solutions,0,1,0%,60
psychology facts about mental health,0,1,0%,71
which is the best strategy for overcoming low self-esteem,0,1,0%,76
approachable body language,0,1,0%,77
mind therapies,0,1,0%,77
overcome low self esteem,0,1,0%,78
which is the best strategy for overcoming low self-esteem?,0,1,0%,79
seductive conversation,0,1,0%,80
10 signs ailing mind,0,1,0%,84
5 signs of fake friends,0,1,0%,84
mind-body modalities,0,1,0%,86
mindhealthy,0,1,0%,86
signs of low self-esteem,0,1,0%,86
battling low self esteem,0,1,0%,87
mind body modalities,0,1,0%,88
fighting low self esteem,0,1,0%,89
mood uplifting music,0,1,0%,91
how to overcome confidence issues,0,1,0%,93
self esteem signs,0,1,0%,93
low self esteem how to overcome,0,1,0%,94
how to overcome low self-esteem,0,1,0%,96
overcoming low self-esteem,0,1,0%,96
e-mind,0,1,0%,97
10 signs of healthy self-esteem,0,1,0%,98
how to overcome low self esteem,0,1,0%,98
inside therapy,0,1,0%,98
mind body therapie,0,1,0%,99
signs of low self worth,0,1,0%,99
top 10 signs of depression,0,1,0%,99
how to fix low self esteem,0,1,0%,100
goal mastery,0,1,0%,101
stages of mood,0,1,0%,101
ten signs of depression,0,1,0%,101
mind-body healing therapy,0,1,0%,102
mind-body techniques,0,1,0%,110
ocd success stories with medication,0,1,0%,186